,Programme,Profit_first_month,Profit_second_month,successful
300,0,0.5329409833201648,6.099517044152574,0.0
845,1,-12.457792296977146,2.736559524120928,0.0
1058,2,0.0,1.594291442580307,0.0
449,3,2.944439163728422,1.774751246276311,1.0
293,4,0.006213652962930807,0.26587336550995944,0.0
960,5,0.2006426907497667,0.12693480851798122,1.0
665,6,26.2166685311833,2.3349022961362693,1.0
555,7,65.4388240124266,65.60770759620274,0.0
1281,8,-0.10728926483904712,-0.7473792495304125,1.0
1244,9,0.0,1.9792174609150717,0.0
1422,10,1.9397589222643887,2.399811845572508,0.0
180,11,0.0,1.8233876065526222,0.0
501,12,1.8675984866585957,2.9422652902931135,0.0
1290,13,3.9190968934785024,1.991222468997414,1.0
866,14,-16.92592756805745,1.1744065543417632,0.0
89,15,-6.361624130570477,4.061362883311876,0.0
995,16,0.3087978407067407,1.1350044882931063,0.0
1321,17,0.0,-0.015018474182819166,1.0
8,18,2.7113329170289706,2.891363666749219,0.0
578,19,0.2396198278831403,-0.3374557073712806,1.0
1397,20,17.305305700404908,38.13247468405123,0.0
494,21,3.830168910645036,0.14439630455323757,1.0
1208,22,0.0,0.26171985032976786,0.0
238,23,47.8425059727575,-0.4089288013326377,1.0
1216,24,1.1921548487341616,11.60345778542607,0.0
630,25,0.05065842483500714,0.016457503973934678,1.0
1064,26,0.0,1.0839137852866634,0.0
350,27,3.5005973169620073,6.636382518851005,0.0
1238,28,11.038199994634557,1.8587740425329486,1.0
209,29,0.37469581013926534,14.676815268758535,0.0
550,30,-4.048938580765654,21.291910938495363,0.0
934,31,4.049072649775863,5.421109974432895,0.0
2,32,0.0,7.863272578679158,0.0
271,33,0.4052106990322955,1.2325896796952585,0.0
1204,34,-0.021968885738948046,3.7911049180712286,0.0
240,35,-0.14708296549993527,-1.683318990600931,1.0
1414,36,26.049596653786928,97.4892552524732,0.0
875,37,0.012622801357475791,4.61233368351197,0.0
273,38,0.10617737439962796,1.4620679578283389,0.0
699,39,-2.091158095536331,5.1216218665294715,0.0
30,40,17.657421911219444,168.47613005403232,0.0
583,41,8.201782530245628,1.5379405687917542,1.0
623,42,3.61662224997456,3.658182323464431,0.0
229,43,-0.010313110990036964,7.063600403925107,0.0
1233,44,-3.3691174044678722,3.827903447317366,0.0
203,45,0.0,2.436676693756266,0.0
204,46,0.0,0.5749103129269131,0.0
97,47,0.7485480761235421,18.791085553176377,0.0
937,48,-0.5366368914863149,19.75438108971326,0.0
544,49,0.0,2.91491304636416,0.0
385,50,44.48799901882597,1.4896239773672841,1.0
169,51,-0.0014073503425991807,7.49560287200319,0.0
975,52,-10.343105017067817,3.7650418610835885,0.0
474,53,0.0,4.655246519868012,0.0
1127,54,0.0,3.919075221247922,0.0
1169,55,5.03544407543846,1.3820379940535858,1.0
806,56,0.0,1.3685868352825332,0.0
315,57,0.0,3.274725331510214,0.0
281,58,-0.446001829912564,1.0798113953613553,0.0
1165,59,-0.2823447740822793,3.5616271321123105,0.0
649,60,1.1187920412757226,3.664637145664067,0.0
12,61,1.5765597607727173,34.65476759051887,0.0
16,62,12.350741578560317,53.798543759858774,0.0
347,63,1.9206899237944164,2.4334049570753,0.0
1228,64,2.8764890963902023,2.6895590628062935,1.0
1504,65,-0.05033730549132946,-0.4020428581120319,1.0
179,66,7.662673390571128,3.6038712308448506,1.0
121,67,0.0,4.79248202580321,0.0
963,68,1.5669597690606265,1.4582084559130801,1.0
588,69,0.0,0.6075904902407706,0.0
1206,70,0.02166150219679621,7.078024215759853,0.0
1213,71,-0.23428987383299266,0.5274746414704393,0.0
468,72,9.064815797327515,1.578718342638358,1.0
970,73,0.0,2.036980060346139,0.0
1150,74,8.05848632228065,14.515527493017018,0.0
1496,75,-0.09674593721337768,2.660030666385698,0.0
519,76,2.4036563473204056,-1.0595140538667043,1.0
1482,77,0.0,0.5300941553794877,0.0
840,78,0.24949494711957595,1.1681995601081592,0.0
1122,79,0.0,0.8114278986533573,0.0
123,80,33.91438451278038,9.160635314844235,1.0
10,81,-0.010209358832544809,4.725194772519862,0.0
1052,82,1.9216559117831709,-1.6611274173297759,1.0
250,83,34.50617405743036,53.36352711426825,0.0
1144,84,-5.263821444580456,1.1489545063857907,0.0
782,85,1.5900407703230817,1.844752284960874,0.0
1084,86,0.1756686682536178,2.167595669690937,0.0
1476,87,0.0,0.3011556246417189,0.0
1190,88,3.220074298458788,5.772965769268991,0.0
109,89,0.022726929662218183,-0.10435130141849007,1.0
802,90,-1.928964794780668,0.2233944864237329,0.0
876,91,-0.005158769314799707,2.658806803969701,0.0
71,92,-0.6302100280151416,-0.2967482437204759,0.0
719,93,0.0,1.0671117744067349,0.0
893,94,-39.13085265185308,2.0511073369895705,0.0
919,95,0.0,8.470355364003606,0.0
1318,96,17.423451219216066,0.6480073863065449,1.0
460,97,6.4242664175493545,3.2378363429713457,1.0
518,98,-0.00019948918931865492,2.1399071378358605,0.0
1500,99,-8.028169485591546,8.676446626386149,0.0
292,100,-1.465027267076796,-2.6814036281144173,1.0
685,101,0.0005773901871356557,1.789053591836212,0.0
243,102,-0.1691210097527749,4.960153354092578,0.0
491,103,1.398261780554254,6.278982052101932,0.0
947,104,0.0,0.9730812023197771,0.0
1250,105,-2.498738510745448,3.552844508877168,0.0
1403,106,11.302544014804536,-1.8813845371325748,1.0
734,107,0.0,0.011050101205141306,0.0
1286,108,3.216714230324892,26.93417483893108,0.0
826,109,0.7717034409791359,0.8747680444331095,0.0
435,110,-0.9178632775472676,9.213703883429694,0.0
1315,111,0.9873707478729098,0.12415645779880652,1.0
898,112,-3.828703831408781,0.155792285500435,0.0
1195,113,37.56981429000351,23.236331776033172,1.0
783,114,44.189386291222156,46.716910533658556,0.0
580,115,-4.92193719542547,1.8092550200477344,0.0
1085,116,-2.7259052104458554,5.1245169753193025,0.0
1030,117,0.0,4.994762099455436,0.0
716,118,5.096219894821652,19.861814575653288,0.0
615,119,0.0,0.6593615504258092,0.0
834,120,0.133609105007192,1.9785636494992536,0.0
729,121,-2.529864631475608,0.7439397072798772,0.0
821,122,0.0,0.2905960233428667,0.0
1035,123,0.4549068067880277,1.6971512611278707,0.0
1371,124,0.0,3.674005096731255,0.0
1460,125,3.8302466015982297,2.7220834494130552,1.0
641,126,27.73815362271506,129.9924631639834,0.0
1421,127,0.004404835261713554,5.087667272503481,0.0
856,128,-0.2942127033012149,0.054217786858582126,0.0
848,129,0.09266407478179257,6.012026819113639,0.0
1429,130,-0.1068562271749034,3.059712505229503,0.0
1155,131,0.0,4.649617628566636,0.0
534,132,0.3068607961854143,5.545373097949353,0.0
1163,133,37.86930789202302,57.82051417237739,0.0
523,134,0.0,2.704139418180029,0.0
528,135,0.0,1.8508361960319406,0.0
1157,136,-1.1654806723435889,5.934269416970079,0.0
312,137,-0.008564840468205579,12.05757310301626,0.0
976,138,0.056422622520436574,1.1676218242670382,0.0
695,139,0.40435717066440596,0.5670036382342564,0.0
425,140,5.671678042131845,1.8106099826047468,1.0
222,141,0.0,2.7550507745908965,0.0
104,142,0.8883535138604893,2.801286475024034,0.0
192,143,17.559203057816372,6.347869427698805,1.0
1337,144,0.11095878439333452,1.919842446553473,0.0
1344,145,-1.1451746463368568,3.662642952966265,0.0
299,146,2.753300691530235,14.734462973334818,0.0
154,147,0.17455247209715866,2.2167417271724306,0.0
1338,148,2.0068769389304184,7.198152979026851,0.0
830,149,-0.8269340296750982,0.9183040812172713,0.0
1186,150,-3.7703859419537817,34.40624419446418,0.0
19,151,1.9954547883389508,2.1432241617319043,0.0
540,152,0.005119982952911153,1.1654230982176097,0.0
1334,153,-0.4135984721274405,0.9484591548802117,0.0
607,154,11.174044328292077,9.793793719924855,1.0
558,155,0.00545152581663461,0.7297587735825675,0.0
1067,156,1.106236756090098,6.937265185883397,0.0
968,157,0.8870402543289293,3.0546401405371877,0.0
221,158,0.8637655235487646,8.42699895847618,0.0
760,159,-2.6644178367235405,21.110966346663144,0.0
1254,160,-16.56889239942047,0.36224139926345406,0.0
1075,161,-2.3696092473389827,3.4029825772627627,0.0
101,162,21.954450944706352,107.86027549553427,0.0
1081,163,0.0,0.16421265213000305,0.0
726,164,-4.802740021590954,-0.7148421836000693,0.0
1463,165,0.014762972314567331,1.7745441960999295,0.0
1214,166,18.327590107427188,11.45939226369702,1.0
1288,167,28.674684704099086,-1.141180185888253,1.0
1226,168,94.46834080655394,161.4643322700724,0.0
994,169,0.04431888806616775,-0.7785885088738496,1.0
1278,170,2.020475964303893,65.674348524903,0.0
539,171,1.171638097588572,0.8256140137806481,1.0
868,172,2.1467399049627733,1.9517305877471798,1.0
296,173,0.0,2.3646527286873353,0.0
778,174,-5.052114231641936,24.37198190671861,0.0
1054,175,0.002653798244599128,0.20269669099418525,0.0
839,176,0.0,0.8618534108693664,0.0
422,177,0.0,1.0040067781196933,0.0
1310,178,-2.351724200964147,-0.37407906263373203,0.0
1133,179,14.81805829805945,2.887126262599106,1.0
1135,180,0.19902592776389455,5.95930540107466,0.0
1193,181,0.030194112298777026,0.5237544771251037,0.0
1387,182,2.266834763936436,4.652551922824838,0.0
1493,183,-1.1908463212135745,1.4953778724018814,0.0
652,184,30.17243199755209,6.9409544523833455,1.0
1259,185,0.06089142812546285,6.254259674004925,0.0
254,186,-0.2772650192025313,8.145294072984296,0.0
961,187,-2.176997660674526,4.86927874402039,0.0
1117,188,18.923961958909487,102.95342038147695,0.0
810,189,-4.1508913442015585,7.047580960409579,0.0
1394,190,3.6375926937352987,8.894524775669309,0.0
355,191,-0.33145194138223555,3.506204531428651,0.0
597,192,-0.003131892777287066,0.9217774422288751,0.0
794,193,9.31474816843155,5.247795016566296,1.0
1220,194,0.16401671329761114,7.8508223632726075,0.0
1383,195,0.04493270567883382,10.384839014736745,0.0
1096,196,-1.8958895923301289,0.5250091475870711,0.0
798,197,0.055023501417897,3.330186373208864,0.0
745,198,4.623883149875448,2.6606717120350387,1.0
277,199,0.0,4.358891329419047,0.0
1161,200,-0.5464404398235166,-0.04701309751460874,0.0
853,201,0.033053388092226084,0.9954109820189361,0.0
1041,202,0.0,1.3629711031674043,0.0
1433,203,-0.1719708662184641,1.2091985002464947,0.0
912,204,2.8676972532983362,3.1285279663536087,0.0
1222,205,0.23014711524713186,10.39276591920489,0.0
1120,206,0.2354798868085616,2.6078257888345306,0.0
505,207,4.0480254543274174,3.243021864000141,1.0
1297,208,0.0,6.346836576185021,0.0
1115,209,4.923630400166424,7.174567499294006,0.0
218,210,32.17250350683479,41.45336531033479,0.0
264,211,0.0,0.8141494591597382,0.0
1473,212,-33.87109934463925,6.333457220704528,0.0
318,213,-0.14490764815143453,4.930699344896866,0.0
1458,214,0.0,10.874567630145371,0.0
217,215,18.37519548741246,58.35534110654721,0.0
112,216,-1.7206990250119294,0.11651932436357482,0.0
92,217,-0.024560615807657428,0.20711441017896842,0.0
1148,218,-0.8662101641414566,40.56621381459957,0.0
1498,219,1.6533627558533084,14.4790897284268,0.0
758,220,-5.650760783457669,13.624110491055717,0.0
500,221,-0.14368950065481562,0.8516360914476675,0.0
228,222,-0.22526263021137224,3.123325382017561,0.0
945,223,0.002092231283260595,0.6252979562574276,0.0
138,224,0.0,-0.07691162733974144,1.0
393,225,0.0,1.3023687972343814,0.0
694,226,0.61090148451033,2.099169279851903,0.0
49,227,8.38056653672006,13.241274025122005,0.0
348,228,-2.8016818183583245,2.7437478867963243,0.0
1360,229,2.396784659697716,9.181158874011151,0.0
106,230,0.7402022238345425,2.9853442924843527,0.0
110,231,-0.010136087840196756,3.8227071707918068,0.0
511,232,0.08819781818551475,0.3635763510581886,0.0
727,233,0.0,1.6842402197524629,0.0
1145,234,0.43149578633479957,5.065908007655757,0.0
1074,235,-2.5545146500020555,2.075547722607523,0.0
1025,236,-0.306686647747497,2.070202345503645,0.0
359,237,3.0697407015928384,9.460038149972776,0.0
1083,238,0.15974761274436464,-1.4471219876533046,1.0
1086,239,12.867508793919676,-1.0796664869393766,1.0
1308,240,0.0,9.403109709111524,0.0
176,241,0.8674324789543008,0.8342051904264818,1.0
548,242,-0.0020757699834902986,0.4237197239494941,0.0
877,243,0.0,0.789401786703493,0.0
436,244,0.0,-0.5992837305318615,1.0
664,245,-0.1954710044384291,0.8694961084441077,0.0
504,246,1.7494979515436144,40.30654779796638,0.0
923,247,0.0,2.036021693823893,0.0
576,248,-2.524440923712468,0.3477577541944703,0.0
1389,249,0.0,3.3066306063024196,0.0
57,250,0.0010261209380378624,1.348181673018312,0.0
27,251,0.09507885128903988,4.609768375998617,0.0
1184,252,5.131416730018388,3.44425523964327,1.0
952,253,2.118472227609124,0.6411463200024641,1.0
100,254,0.0,2.3296086626039427,0.0
708,255,0.011641171097281496,0.2606537804685663,0.0
1279,256,0.0,4.193338745172203,0.0
781,257,2.020127746609473,0.6842931134464094,1.0
486,258,3.184229896581504,2.7216090356092204,1.0
54,259,1.0660602162509787,14.229281770545528,0.0
237,260,-3.5233225106739288,6.848299811261448,0.0
364,261,0.0,2.47536836607968,0.0
137,262,0.9620548065674704,36.4484401581896,0.0
163,263,9.840827274977825,3.1777334609226338,1.0
1365,264,-0.4794103682269715,1.1185635970622116,0.0
174,265,1.0284324606131447,-0.032593493116403714,1.0
1077,266,-0.01592123448337881,2.2664701174683706,0.0
1140,267,-5.146005279628087,4.071727932299051,0.0
1196,268,8.86243320478613,56.85266215283557,0.0
754,269,-0.08137278147262604,5.428895975820299,0.0
469,270,11.166453830576645,5.070318776086895,1.0
1253,271,-0.2621495065419481,0.4299359334397735,0.0
362,272,3.955068419116536,4.079212927854713,0.0
363,273,-0.2763502414445888,-0.5533363521458079,1.0
369,274,1.0924819754391053,4.715878454305567,0.0
382,275,0.0,7.835033036263456,0.0
377,276,10.330147528775774,23.690346173913543,0.0
882,277,-16.1102908903502,16.15725811469341,0.0
241,278,0.0005416986648860158,5.183106372204954,0.0
1354,279,0.5910993464316113,0.2964220820488852,1.0
823,280,1.2022777379029388,7.746501593886093,0.0
819,281,0.0,3.558909759575591,0.0
857,282,-2.6484726291212977,6.328006978099367,0.0
1168,283,0.0,0.5649528129880136,0.0
1268,284,2.979383343817048,3.2648882089729216,0.0
1119,285,0.0,5.686075793114785,0.0
1032,286,24.36930726117286,0.21762436843731028,1.0
1452,287,1.2541719467168484,0.9953680327835193,1.0
1258,288,-0.16269769191871672,4.358830161674986,0.0
1440,289,1.796102758110115,0.42623013082705186,1.0
752,290,0.0978714619283062,1.4759613792544135,0.0
761,291,-15.317002581083688,4.849459440321755,0.0
646,292,2.155392894713388,1.134006099791288,1.0
189,293,0.2612192097206774,6.677231755497162,0.0
1348,294,0.01712213430076263,0.5120271763617327,0.0
769,295,0.10703938157871276,18.825288724200576,0.0
411,296,-0.05868254029464196,2.9741188164292716,0.0
1020,297,2.9493706533972963,0.9530338258066332,1.0
1240,298,-4.625585884143092,-0.5989261388798754,0.0
624,299,-9.754768395726538,1.8214678136295013,0.0
1066,300,0.0,0.0940711919364937,0.0
386,301,4.233592180300342,1.3030938444113562,1.0
1356,302,-0.9682465332373302,2.1490666088234613,0.0
1353,303,-7.287957253246282,11.490984462223263,0.0
1189,304,-0.7007871162325386,4.636697867382358,0.0
253,305,13.019664077438478,0.1775212428477402,1.0
440,306,4.8998891012455585,2.9877098506220774,1.0
213,307,-0.014332439571327382,4.565386143406808,0.0
119,308,-0.08016961453179862,4.640536951485409,0.0
216,309,29.475395077019847,65.26809718873581,0.0
1139,310,3.8601788780100685,1.1338442143144158,1.0
1026,311,0.7105573073340387,1.3673944271271066,0.0
825,312,18.53090199921224,20.58888534056075,0.0
1079,313,6.559434919587392,11.650356023943583,0.0
1313,314,8.30208878924467,13.019531578993128,0.0
1242,315,2.819581125901544,11.522486557498551,0.0
859,316,-0.3397616250606932,4.3703967332971425,0.0
722,317,53.91847294431118,114.22226329549574,0.0
1197,318,13.683287397452732,27.015196251395153,0.0
84,319,1.6575233670163103,3.1171802948051934,0.0
1472,320,3.8012052159939214,0.683840333594962,1.0
864,321,0.03054914014992432,3.6874623414843146,0.0
620,322,-1.444256978910569,2.515721163121502,0.0
888,323,0.00158743958695917,12.092138620894023,0.0
1309,324,0.1281261605622099,3.302181019668084,0.0
1091,325,33.331074858570744,13.455669253799194,1.0
87,326,0.0,0.40743960525280687,0.0
940,327,-27.264771848703397,21.81765136098768,0.0
184,328,0.9561707157157564,7.84669013812429,0.0
1217,329,8.470677305155904,18.366567476573575,0.0
913,330,-2.7328331976996996,0.10954744365455321,0.0
855,331,0.0,5.6480806383261735,0.0
1046,332,0.991006018713084,0.5471499265479925,1.0
1436,333,-0.11992170703395162,3.3441514439973457,0.0
746,334,-3.608461742734504,0.08606056200923623,0.0
1381,335,24.175746988684573,27.14388183134692,0.0
1303,336,0.0207186134156342,9.011830729880232,0.0
1488,337,-0.0979627427839153,-0.5454343714112335,1.0
801,338,1.1010402987836692,3.8705300078798657,0.0
1430,339,-0.0028276672384028078,3.787837968188745,0.0
1043,340,0.1357240028493832,4.490344154854657,0.0
1101,341,8.643282361766067,48.466683375837825,0.0
598,342,0.13154922794142726,2.8840921067416714,0.0
1014,343,0.6196954524262217,7.173695890220716,0.0
162,344,4.281967574123802,6.467607972765173,0.0
750,345,0.33279494515500835,4.4931449797609035,0.0
530,346,0.0,6.091316425881213,0.0
1018,347,7.725456528570918,28.25874157200447,0.0
1386,348,-1.384837424946722,11.17043495472557,0.0
416,349,-4.1053877702227135,0.4414238537372151,0.0
1105,350,-0.0101380210751696,4.201577928244914,0.0
795,351,-4.9546326154560445,37.97095859538557,0.0
849,352,0.0,2.3198445382518322,0.0
918,353,3.2811323570297555,4.9501026819695255,0.0
1300,354,26.298867661458505,16.685238458600647,1.0
533,355,-0.2030084594215808,50.52932348831093,0.0
1158,356,-0.006683986836321203,2.85359853317828,0.0
412,357,0.19911658481167274,1.3422121826860098,0.0
462,358,-0.1579173327129889,4.044877795819404,0.0
1162,359,20.866504559195473,43.81985119005887,0.0
1335,360,0.8849626870722601,5.6221528981195785,0.0
458,361,42.392902326397156,1.818737251822982,1.0
603,362,0.0,-0.7545025304616796,1.0
711,363,0.8019672652938572,2.0108271071098547,0.0
1221,364,-2.1104684078884497,2.5163554135731707,0.0
1329,365,6.837287242559183,19.826654847034785,0.0
1491,366,-1.482335249365623e-06,-0.4413169318765371,1.0
715,367,8.287911772445018,21.557310320152588,0.0
153,368,1.6209938381075943,5.577404055323107,0.0
529,369,5.047248151685232,6.890891640459106,0.0
1143,370,-1.7306235090249154,2.155435762636044,0.0
633,371,-2.519267924452796,1.5615217640348333,0.0
705,372,131.29817711271596,56.12002730673645,1.0
339,373,-0.17526140004358207,3.5919751101737716,0.0
714,374,0.0,10.41746784949045,0.0
553,375,-3.483615819438328,0.2722683067370523,0.0
485,376,0.008921567230880537,-0.06945547429905985,1.0
996,377,0.007710334781236606,1.5776633938833686,0.0
863,378,0.0,0.22281006916793628,0.0
1370,379,-6.627798773501478,5.9758250070499725,0.0
631,380,1.1228802195452812,7.139294194881235,0.0
1307,381,0.0,3.8740960755763907,0.0
1126,382,2.2635982821179597,3.211617328705252,0.0
980,383,2.0752599296105867,5.419469728159714,0.0
1116,384,10.341833894548975,45.46367775244537,0.0
269,385,15.685168868502423,33.54724018636481,0.0
972,386,4.6881853987724105,6.319903968409047,0.0
1073,387,3.1768657719970315,1.4588106232513278,1.0
542,388,25.027273704921953,0.5065880191734368,1.0
569,389,-1.821600893825139,2.528770820075764,0.0
517,390,-1.0897580204484676,7.415742521887706,0.0
521,391,3.454434868763618,49.6500275608449,0.0
587,392,-0.7130051618638352,19.61285756820592,0.0
838,393,-3.157279207480176,3.8547383148639396,0.0
443,394,0.0,0.6422975366048463,0.0
755,395,-0.2677127246139332,4.074452755386646,0.0
1050,396,27.770310898230914,25.630185583580257,1.0
816,397,-0.10703433617234916,0.760471911019279,0.0
874,398,-0.1253924065712159,1.6125506908986023,0.0
1011,399,-1.8402786316473323,10.679557846185002,0.0
1323,400,-0.3384155752541263,5.390552468100728,0.0
626,401,1.2460510818592432,2.7053879108872407,0.0
936,402,0.0,0.2734651119281945,0.0
1241,403,0.17761519489782215,4.529320696562813,0.0
1245,404,-0.9568949179976842,4.345553790870135,0.0
26,405,8.97813109604942,42.19529646753732,0.0
1424,406,1.9670547577803996,17.69555446281414,0.0
1481,407,137.56250432995247,12.325783396232628,1.0
817,408,3.38632973281562,2.013141171239238,1.0
1008,409,0.5048714259257521,10.346258640155924,0.0
325,410,-0.005803423853112274,0.5452796344218911,0.0
493,411,0.0,-0.10424557479223724,1.0
403,412,0.0,0.11021852458463594,0.0
764,413,7.731241875604761,24.47119014880163,0.0
1123,414,-0.04461761937399317,0.18644407920249165,0.0
1187,415,0.0,0.6183584096102507,0.0
1461,416,9.722901026381008,8.537370787969161,1.0
557,417,1.3429605435269711,2.7149340179792905,0.0
1351,418,-0.021690146155047548,2.9493505907110653,0.0
1060,419,0.02101414512314208,6.999858955485978,0.0
1336,420,0.6067334699253099,0.05213995915167647,1.0
415,421,5.75451155466784,7.416724657345071,0.0
1477,422,11.246754355159242,1.1214987094420652,1.0
640,423,2.383570288809405,6.044606721081472,0.0
381,424,-0.014553390074821903,0.622383370187315,0.0
536,425,112.06700114525889,15.236761624581607,1.0
779,426,2.258939892285116,-2.121032269204874,1.0
1343,427,0.7109993376801866,0.004145257454046249,1.0
725,428,-0.5642917922146924,5.155041169135725,0.0
1212,429,-0.2057140341067426,9.768924036027721,0.0
1296,430,-0.2571702732401053,1.3897495282790135,0.0
258,431,0.6031485927512553,2.8443969976793797,0.0
672,432,0.4745924280203531,6.020550269117182,0.0
710,433,0.13548879472270614,2.724801140550885,0.0
1506,434,-11.925271806798348,0.06581385153614956,0.0
982,435,1.8844227982835935,0.4206888245068204,1.0
926,436,0.0,3.3647712716828413,0.0
1230,437,1.7985980062258875,1.0561325097166823,1.0
547,438,8.320900677965085,17.762357847937423,0.0
1400,439,1.2607765714472132,10.081787167524212,0.0
736,440,0.9484768752492522,3.1461331847854126,0.0
717,441,-0.012179365743330764,2.0148034511761215,0.0
520,442,1.261129125447436,-0.2846599853079381,1.0
591,443,10.76069068115368,6.48797823286303,1.0
1022,444,0.101633845155602,1.624362514276794,0.0
1090,445,0.0,7.156618372227059,0.0
842,446,0.5713405293006432,5.373403491766812,0.0
445,447,1.1665651011328828,2.492342213273327,0.0
1037,448,-1.0069643506641608,0.12545070314392984,0.0
789,449,47.00012840872482,57.515248587435046,0.0
131,450,0.0,9.182571338487671,0.0
905,451,1.2845634195768634,0.744363642655563,1.0
419,452,3.2065893105687002,3.0735327909506953,1.0
1152,453,-7.878144348602918,1.1165559240631573,0.0
1062,454,-1.660508118104188,5.696517300921167,0.0
759,455,-0.6276305473229012,4.916065916785629,0.0
1392,456,-9.856614659674424,80.79670945727018,0.0
513,457,0.5948395897868863,5.5517671155349735,0.0
1466,458,-0.0518560692479696,2.127491687416746,0.0
95,459,-3.5144929640397464,0.9396584487768114,0.0
1087,460,8.094416112062813,22.60561438294572,0.0
575,461,0.0,2.004247227796189,0.0
433,462,-3.128406761033946,1.4825656047342373,0.0
831,463,-0.21071730015338747,2.911166285910511,0.0
261,464,0.0,3.9416891837646304,0.0
1445,465,0.0,6.426424938202011,0.0
1182,466,0.0,-0.5489702613844654,1.0
1449,467,0.0,1.7261425109023907,0.0
1455,468,0.7962020407215953,2.2204155950813598,0.0
357,469,4.992579297589244,-1.9512099800462315,1.0
219,470,9.018233279618624,2.919746819595346,1.0
304,471,0.3368932684459601,2.54586498492944,0.0
991,472,-1.4776567395769742,-0.063126082859201,0.0
467,473,0.0,2.23882048689511,0.0
804,474,0.0,1.8032245247551346,0.0
648,475,-5.616100797892406,0.7272970377676466,0.0
833,476,8.866864605275016,3.209138728031805,1.0
1129,477,0.0,4.020631491987059,0.0
756,478,3.0520452644131915,3.0034979927678553,1.0
563,479,-0.05767689859223565,1.4171452782399978,0.0
922,480,0.888375173922755,2.8705451120248062,0.0
487,481,0.2045802396246745,0.1025238777115052,1.0
796,482,-0.9390290478731315,4.922924946066429,0.0
352,483,-0.9807130850254392,2.456997495333209,0.0
577,484,-18.24380379047652,3.314298156542977,0.0
94,485,0.0,3.638853582776931,0.0
894,486,0.5734506052254613,2.4024840217874353,0.0
1479,487,1.8288791616704243,-4.991691215074757,1.0
1031,488,0.0,1.513587396236462,0.0
1034,489,0.0,1.0976885175819928,0.0
909,490,0.0,2.7357490147088144,0.0
1277,491,23.54413691004093,7.7420829322489055,1.0
1316,492,3.606797371999254,13.313980934070177,0.0
270,493,0.0,-2.718679312746835,1.0
294,494,8.611043042723907,2.073460932623063,1.0
201,495,0.06129985557937698,-0.0233143336151931,1.0
150,496,0.0043072331401640095,5.599043961758592,0.0
822,497,-0.6642158060414212,0.7434926643698754,0.0
852,498,35.94189354591256,1.9342561194208134,1.0
9,499,24.53608298992874,46.23516506128335,0.0
1291,500,-17.943185953497153,3.1898667522263375,0.0
870,501,3.055555303860141,4.183241911499245,0.0
143,502,2.077683325947441,2.6000680654674784,0.0
1346,503,1.1975773457701462,-1.8105420635956122,1.0
400,504,-1.8654066136077383,1.316439957021131,0.0
1059,505,0.16679327929747598,0.1381058736058249,1.0
696,506,0.28599661091285955,4.155683863708655,0.0
1395,507,6.570242995230736,-0.5422659700316115,1.0
1118,508,1.3103673961321574,0.8254881563102067,1.0
322,509,1.7277302703261088,0.706183673447201,1.0
311,510,0.0,3.8533165493897537,0.0
1410,511,-100.92743177081915,-23.67024318565385,0.0
766,512,-4.516534047849241,0.9340756005114929,0.0
1061,513,1.8828502270051741,3.4080985372434367,0.0
1350,514,2.3006053060279927,5.007053866908635,0.0
987,515,-5.601624575227075,4.730554470509477,0.0
1262,516,0.07357901928585854,3.1104590550780986,0.0
650,517,0.0,-0.17821331728921339,1.0
562,518,-0.22363309547494434,7.109271417158083,0.0
807,519,24.142410355539585,87.66991354064662,0.0
193,520,0.06928536191571963,6.309859414452901,0.0
68,521,3.172553906365164,19.956540056688326,0.0
287,522,-0.6150767678744871,7.868475400801136,0.0
230,523,0.5313055046501075,0.1425279601614468,1.0
334,524,0.142214403975224,3.644257224289419,0.0
1198,525,5.176944445187046e-07,0.9249874282786474,0.0
546,526,-4.9024893109519665,9.051371092836806,0.0
231,527,0.6857861275983628,5.5673142266889775,0.0
768,528,-2.298217861694903,10.905715354460948,0.0
303,529,0.0,5.535048696057097,0.0
1264,530,0.4768854338914312,0.44646243862603063,1.0
447,531,-0.3225398621461216,3.789506345340881,0.0
1273,532,-3.658253149396008,3.9028586722877816,0.0
452,533,0.0,1.872436932314688,0.0
42,534,-0.06946232742546553,7.692255931315756,0.0
451,535,-0.02836009048151609,-0.05666886989485522,1.0
168,536,0.0,10.734542723751725,0.0
1078,537,-0.3874553926684786,1.327495511641855,0.0
973,538,0.023977168021111443,-2.2771643630951823,1.0
527,539,-1.4771383398227995,-0.2366523475331901,0.0
305,540,1.1256586829691562,0.21964299040712967,1.0
384,541,22.403417565633973,0.6275296814020415,1.0
671,542,42.82529559365496,10.516051510380267,1.0
450,543,-0.3832471488844324,-0.01755275048335048,0.0
697,544,0.0,5.098386843987029,0.0
78,545,1.5579753230066382,1.0033409360872623,1.0
674,546,-1.080598662433836,2.723077815942719,0.0
832,547,0.052546527017156265,0.5177108499498597,0.0
1109,548,2.5626746593744643,1.5507324905871576,1.0
472,549,8.560928734065303,3.9807425097414364,1.0
854,550,1.404657435533929,3.0094235105556937,0.0
409,551,-3.167949431662116,-0.014715026532388776,0.0
44,552,11.712951335583513,2.273512918410171,1.0
1179,553,0.0,0.2373676707826671,0.0
196,554,0.1470349833439183,2.2119614275706865,0.0
156,555,0.3908241937083569,3.0987331438849934,0.0
1178,556,0.0,-0.6977148236460341,1.0
208,557,5.754127466337176,1.2204717415184423,1.0
656,558,1.4406175382996016,2.4192496810723494,0.0
667,559,3.321236338185627,22.858529869839803,0.0
1141,560,0.0,0.5481870476804086,0.0
1211,561,-0.019865488597660092,0.8524891272772643,0.0
907,562,0.05512608264731545,4.685048750148841,0.0
958,563,0.13303498416361847,0.010771905367394,1.0
787,564,27.414450082152037,49.93965914565243,0.0
129,565,-5.6640607645157335,0.34456999160701324,0.0
731,566,-6.56346772971584,7.273901458594722,0.0
841,567,0.1427936292156754,-0.6172121409377136,1.0
1231,568,0.00637765799129054,0.7652510078057134,0.0
1324,569,-4.856600174479168,4.192932473576189,0.0
1089,570,3.5395423414638225,3.445932595898098,1.0
1147,571,0.5033904361060615,-0.1296992180054139,1.0
1012,572,5.687453011030653,12.569284554179108,0.0
678,573,-2.636580725614814,4.884338841757334,0.0
964,574,-10.758706731457515,9.688550065509144,0.0
627,575,4.9285421423870135,-0.6467328595875957,1.0
376,576,0.0,8.710050144396869,0.0
1398,577,0.3991644326314098,2.086748644263952,0.0
1457,578,-0.12797427520647225,0.37593846559258576,0.0
1459,579,0.5197383465781589,0.3360805899010819,1.0
1402,580,-2.608823100862737,55.80371763385814,0.0
1511,581,0.0,1.27328891156003,0.0
1512,582,1.9479831392790612,5.177448326234093,0.0
1257,583,-7.725183272468151,0.02021867872727718,0.0
935,584,14.883111574814341,15.706729506455922,0.0
120,585,2.4103155295260734,7.854602086933045,0.0
470,586,-0.5316036823377416,1.1299949833667173,0.0
321,587,0.0,7.365668642806456,0.0
920,588,31.25060022717526,20.653701703552702,1.0
1495,589,2.404581104413837,2.5052333961008895,0.0
606,590,0.40755307051852735,5.591938827842727,0.0
1223,591,-0.14216212860111505,0.4760297509500077,0.0
846,592,0.0,4.974420688614843,0.0
1156,593,-0.01867009059503508,0.5886481259710807,0.0
1040,594,0.10366757036982824,0.517510939571898,0.0
1505,595,0.0,5.7385263295175415,0.0
454,596,0.31369311218084056,12.972522339700028,0.0
1486,597,456.3741658507286,79.35032581837798,1.0
793,598,20.226488238618156,5.065239878621948,1.0
851,599,1.1517220255448075,5.314981922765064,0.0
459,600,-35.09775784211747,42.34365903156096,0.0
1215,601,5.403593275897959,3.5336075176036164,1.0
1327,602,-3.964296059144454,10.57062907282833,0.0
600,603,-0.035106303064571465,2.8066612368089405,0.0
748,604,0.09262897918352764,7.2567153995139915,0.0
532,605,0.0,0.8076932734439525,0.0
1426,606,2.1245129068498723,9.663232608191105,0.0
1377,607,0.2285356292479531,2.6896515110473493,0.0
915,608,5.8038020724917105,0.7475577537098763,1.0
525,609,0.0,3.861121418637511,0.0
910,610,0.0,5.3336696357283895,0.0
1095,611,-16.541223799649885,11.34828553659303,0.0
744,612,0.0,3.866580725394316,0.0
596,613,-0.09905348980269467,4.292252872341257,0.0
797,614,6.225073938798543,30.622316707118888,0.0
1219,615,0.00032212575629560626,18.468671765814587,0.0
1431,616,7.869944837216786,37.34939193782103,0.0
1044,617,0.17714688742717835,8.173356683244549,0.0
1102,618,0.0,1.8941388106227977,0.0
1489,619,1.3496141978590692,27.319049945366093,0.0
1382,620,0.13031198159085328,4.8693316731453145,0.0
1159,621,9.437580478096386,5.045064424178582,1.0
1331,622,-0.3093993617289537,0.7109145491689551,0.0
608,623,3.3549489429168777,1.6221647868493903,1.0
247,624,0.08289560427546626,0.2930491124708135,0.0
274,625,3.3947186797743045,3.3154078303512744,1.0
1010,626,12.206820118546432,36.0412683902252,0.0
1181,627,0.0021592495451404977,0.0920772395732962,0.0
549,628,3.3927198516504657,2.80327557866129,1.0
872,629,23.14740425403586,4.1366325182503925,1.0
924,630,11.599149199267696,1.8643969327087182,1.0
1051,631,0.5607970502451329,1.0334728399491961,0.0
1404,632,24.762740692662987,245.27013860556303,0.0
48,633,-0.006327483735296043,3.6856090253039944,0.0
198,634,1.338735221397087,3.159204949133784,0.0
1465,635,0.00869703651815265,1.4259197259892205,0.0
632,636,-0.2559204585599348,0.6828799883234427,0.0
619,637,-0.226672404411961,0.22662909615212548,0.0
682,638,-10.883847580746092,35.024898566741435,0.0
13,639,0.453178478197913,24.511417336229925,0.0
190,640,11.579393975268225,3.1211134061996124,1.0
24,641,-0.0005095908353424925,9.216266031376945,0.0
1434,642,-2.471872428628017,0.6596682215409371,0.0
399,643,0.06281667674584479,1.6464425699029799,0.0
128,644,0.0,4.156484201389008,0.0
111,645,-0.4199069305598059,4.13211205700533,0.0
751,646,-2.684971894114514,4.611061603525366,0.0
835,647,20.368014935945908,0.3953177514196293,1.0
141,648,-1.6536801732847621,11.454036307802784,0.0
1299,649,-1.608920347793953,-0.4628358784112805,0.0
1016,650,-6.481133253370503,0.6915750945672342,0.0
713,651,0.0,0.7697106290167383,0.0
1513,652,0.21270774065124431,-0.7065427754594017,1.0
448,653,0.5796080855637658,3.097211023876584,0.0
1409,654,23.97872851088063,-33.26688537495471,1.0
1357,655,-1.9103853837467644,0.864429187844113,0.0
1092,656,0.00017054455246777458,0.1374861778036999,0.0
1483,657,-10.337388598784047,11.587937573557207,0.0
790,658,7.652921762042318,8.951977967570732,0.0
374,659,5.643537658717775,7.072534791205024,0.0
904,660,0.04894069602847003,6.025127971913221,0.0
1209,661,0.5998586437574414,0.5144383157911412,1.0
1502,662,-11.447177620850955,1.1908917075313057,0.0
394,663,0.5870834999597965,1.581565117078561,0.0
908,664,13.761963325643675,44.33727958419598,0.0
1057,665,-0.00788602280291427,3.5738711150195206,0.0
1342,666,0.20601978130844692,0.607073923702082,0.0
738,667,-0.09054121719095162,0.6258949807938256,0.0
721,668,0.0,1.6166888143811067,0.0
1401,669,61.57085152285601,0.8825798547896121,1.0
1464,670,2.38934001122969,0.2303625064057032,1.0
391,671,0.1411506433666216,9.219918577882472,0.0
1174,672,3.980364211862873,0.47663851606605306,1.0
152,673,0.9626389457159923,37.59518629036381,0.0
1454,674,6.114945496023069,0.16368897892961315,1.0
1177,675,0.0010592086947347832,1.6193311026177635,0.0
1100,676,21.711955419617368,65.15451638002219,0.0
799,677,0.9970272896633396,3.052960742932441,0.0
202,678,0.26517580859588336,1.5918805333423394,0.0
65,679,0.6658207281487053,0.7302310583221951,0.0
234,680,16.313189558904842,6.793748187811411,1.0
1282,681,4.500361492655885,25.37162574700651,0.0
808,682,1.5563082634867518,7.892251931589017,0.0
700,683,-1.134402676829836,0.38256827357823847,0.0
181,684,0.09172477807683924,1.8668568684631177,0.0
691,685,0.9129668496159576,4.343521858410166,0.0
1363,686,,,
946,687,0.15102356024540078,2.259566886878139,0.0
244,688,1.2491461256586236,8.183213238579421,0.0
637,689,0.8483473968766172,2.8388794036848153,0.0
1248,690,-2.9287187118993385,4.331796539597727,0.0
340,691,2.242498679366241,5.0776622642088896,0.0
594,692,2.2710476038479848,0.3441152777938771,1.0
568,693,15.743211870284927,1.3631779454119854,1.0
418,694,25.03775555074515,1.514795657097901,1.0
1393,695,0.0,1.2466099658034404,0.0
538,696,-0.7799294919623074,5.76044263074349,0.0
515,697,11.744498627009715,8.101655030569217,1.0
183,698,0.12236638566418973,7.8966217330758175,0.0
329,699,-24.240243961884822,0.3159536595906764,0.0
402,700,-3.2845157033376657,0.001896665440715269,0.0
301,701,2.3873423014272084,10.468072560527395,0.0
1023,702,4.838920584825821,4.534236552344332,1.0
124,703,-0.03441061698557415,0.2679972493888095,0.0
1320,704,-2.4886160331918927,2.6523869040568826,0.0
50,705,4.512080665677521,20.510949553632173,0.0
570,706,0.0,1.6240402795939857,0.0
424,707,-2.2520964486859887,1.2035404749507441,0.0
345,708,0.5809188400933005,3.3847805694554194,0.0
1453,709,0.13986988422609564,15.06446381284032,0.0
687,710,-2.424348532966892,0.5298757705661152,0.0
1183,711,0.0,8.546245884976736,0.0
175,712,-0.3814415588265875,5.570099312261804,0.0
1280,713,6.821821473218539,6.06865720578233,1.0
586,714,0.2092477063527962,3.7992692827751315,0.0
983,715,43.21300974404503,163.9938536595777,0.0
686,716,0.02307844966078277,1.4301924986602148,0.0
1028,717,-4.705231438979407,7.072820196065242,0.0
602,718,3.31981721867597,7.7797873169230165,0.0
1287,719,0.13656172747470807,4.794964368105609,0.0
210,720,-4.425447712607005,3.433547106216281,0.0
813,721,1.2114884269166115,0.584588731471844,1.0
1,722,8.133126854762622,6.5158485092396266,1.0
1484,723,0.0,1.170596704382735,0.0
688,724,-0.44231174924747596,7.594456641194392,0.0
860,725,0.0,1.0802933203944896,0.0
701,726,7.839539970296566,3.7585423903649877,1.0
354,727,0.3151309209126494,5.245961459561342,0.0
771,728,0.0,2.4965196453638114,0.0
1072,729,-0.007520268645300326,9.246350374294,0.0
278,730,0.0677017695809588,9.831548194480144,0.0
880,731,0.48192916592885293,0.5102315483941313,0.0
814,732,0.0419283172733017,1.566603588770541,0.0
35,733,4.136180305112175,1.8940256932963209,1.0
1485,734,-9.762537342569628,34.688830042661834,0.0
457,735,-0.5808267132104045,4.081352399582532,0.0
763,736,2.453988586513149,0.27029798507844544,1.0
1097,737,-0.10451600111823596,0.20835040967449714,0.0
526,738,1.673736145269269,3.731330797345443,0.0
197,739,0.6558674994212633,0.40646906441603226,1.0
739,740,25.254272353103403,1.4296119378441754,1.0
1376,741,-3.5509778076247005,8.171599735193698,0.0
372,742,0.30641400228385685,1.4328951438222002,0.0
1154,743,-0.16378332130541365,3.4486310519446506,0.0
791,744,0.6516507846391715,0.6216024450574639,1.0
1017,745,-0.0991733639120014,6.385281528576233,0.0
675,746,0.006920424411041998,0.31336059520235865,0.0
1191,747,0.0,0.5623737995726825,0.0
1039,748,-2.7966437412368803,2.8528021513791226,0.0
522,749,59.316792012946756,4.1822122872295875,1.0
136,750,-5.990058874113361,0.8195137992042466,0.0
900,751,7.152598661424459,4.3564424193850755,1.0
410,752,0.0,2.8285060127987185,0.0
611,753,2.549765230296034,3.257474636024684,0.0
644,754,-0.8478790296359856,20.369461759991854,0.0
1319,755,-0.22342218003615327,1.426979898836304,0.0
28,756,15.9806025452077,102.30530479899465,0.0
1172,757,1.4743132587511505,0.036993942829096974,1.0
43,758,0.3876313068802522,10.546519883421347,0.0
552,759,127.75918220132142,68.46404575734287,1.0
992,760,0.9868291560109658,0.057576584232266095,1.0
706,761,-0.4322073353591977,2.141048104522022,0.0
1292,762,-10.08527957122543,2.3997309195472196,0.0
482,763,-1.1994547157476678,2.8183418753117486,0.0
1304,764,0.27693772773798564,6.0923520442837695,0.0
1330,765,-26.83620200743988,0.48733000037728347,0.0
1125,766,2.059722063827481,0.5623969670748725,1.0
397,767,-0.19484144273655346,3.4726916108571575,0.0
925,768,37.61460680506921,42.75263515768787,0.0
1224,769,6.705256696652015,10.362124387135214,0.0
605,770,0.08528295518591528,5.472026888551362,0.0
595,771,-0.2756252482476457,-1.3772009246236663,1.0
693,772,-0.39625389945645184,7.019941830637984,0.0
417,773,0.6625276528594919,1.6437223744231562,0.0
1312,774,4.355341148494077,13.822185467810414,0.0
479,775,6.420902093100172,5.393756006388154,1.0
1503,776,3.064823168827833,-1.7515897350403007,1.0
185,777,0.6807402160001225,3.445415621175604,0.0
1049,778,6.589501269470676,18.00922917904491,0.0
1508,779,0.3396237204754311,-1.4089033211785609,1.0
604,780,-0.9473066643652397,-0.5835644727744939,0.0
165,781,0.004383902243408405,-0.30021602908370437,1.0
1249,782,4.165297954637422,2.306152102565597,1.0
365,783,2.01635891871032,3.4799613698296326,0.0
1266,784,-0.2339583519951897,1.7255305518427173,0.0
307,785,3.4755189565787523,-3.4830562905454867,1.0
475,786,0.2378880497895019,3.1481557526938446,0.0
268,787,0.662580236784576,-1.0938504924271393,1.0
288,788,0.0,2.034925447516827,0.0
236,789,0.8074940032542093,1.9223969506809115,0.0
58,790,56.134156311784096,26.55340462791446,1.0
1113,791,4.4352444127846065,8.083184750112556,0.0
1289,792,0.1779821165104381,4.639415025212624,0.0
257,793,0.0,0.021724220485980748,0.0
663,794,0.034605139184715424,5.93253954869129,0.0
14,795,0.921865352965541,9.299042889403646,0.0
225,796,-37.070332893966224,0.7774604404678515,0.0
77,797,0.4254095958615784,1.8894414582054881,0.0
986,798,-0.08217415499048128,0.8203533585738121,0.0
955,799,59.262242366325715,-0.06951745684249043,1.0
930,800,1.7928932316940158,21.576052881570057,0.0
613,801,0.16087763834807262,2.125976515129397,0.0
929,802,0.21077658805958335,2.5973269270705206,0.0
191,803,-1.0379785356736897,5.301680384387039,0.0
551,804,0.45393113353497483,26.867545151411488,0.0
565,805,0.6955364856818174,3.1792796210372685,0.0
654,806,-1.098474619087921,2.6754747769402107,0.0
15,807,19.683074332042487,201.02071836400262,0.0
1252,808,-6.024141695248516,37.76337590542277,0.0
609,809,11.950431511666295,4.556203298826219,1.0
328,810,-4.9474520530160015,0.8702066557918122,0.0
285,811,0.0,0.4639240941965219,0.0
599,812,0.0,6.641214969086314,0.0
712,813,37.357106191450335,2.765489369847295,1.0
157,814,-0.9541499779776638,5.275142617301868,0.0
1104,815,0.00163784311232349,10.957368821124968,0.0
1333,816,-2.2313244138034287,2.6432421410545266,0.0
404,817,0.0,4.4555162712615335,0.0
1045,818,0.5342431779498518,10.488226227808635,0.0
1160,819,5.404541211045445,0.12755959422287502,1.0
1063,820,-0.2827187536318893,2.240116748967497,0.0
698,821,0.14387307261362048,3.8307349889389304,0.0
681,822,1.2950997522589265,2.257719079693916,0.0
592,823,1.0631729781336035,3.309381069997361,0.0
1468,824,0.34369707240456304,-2.1312681682996426,1.0
47,825,40.60006362168402,127.63372175644724,0.0
850,826,0.0,-0.3356707011682891,1.0
1009,827,29.07679035489766,13.453902451530404,1.0
420,828,-0.7663317806960159,9.546519840991108,0.0
625,829,4.640453706742386,8.619530787712023,0.0
628,830,0.011054154777690436,1.8106174260923555,0.0
220,831,-4.376723985798987,0.06678571100007479,0.0
211,832,-0.10785292725608486,2.254176897762193,0.0
378,833,2.083046985970099,22.768395665447425,0.0
911,834,0.0,2.1320325096151556,0.0
741,835,0.18007781779659598,7.953133445144266,0.0
4,836,0.3046498378940946,9.43890347357917,0.0
815,837,0.8573039739309197,0.01989918742399455,1.0
343,838,-0.4666170821424672,5.339386098579315,0.0
367,839,0.1587772061943538,0.2774236015068858,0.0
353,840,-0.29900121901548266,2.6497489029013455,0.0
690,841,0.0,0.12150981366058916,0.0
366,842,0.0,0.48630306827042297,0.0
286,843,13.841985256793587,1.7221578739377312,1.0
1302,844,0.0,2.688088940826644,0.0
55,845,12.491036331705448,7.364356499295501,1.0
1384,846,0.0,4.515317417259988,0.0
224,847,4.395703850184814,39.333796054128314,0.0
561,848,0.0,1.33375461083536,0.0
295,849,0.007462161684429956,-0.0004470405507022158,1.0
499,850,3.365498905035641,11.313175862661442,0.0
437,851,-0.9329563225517276,3.0476961148428257,0.0
453,852,0.023925612890710157,6.952805849428805,0.0
728,853,2.1337879415354046,6.144874305955172,0.0
60,854,0.16403986979324178,4.486905786989285,0.0
388,855,16.251935265612982,1.5385079118568046,1.0
1339,856,0.0095668221397724,0.45656669435761765,0.0
1146,857,-0.4307035172829248,9.271733670229452,0.0
1406,858,-0.19747788176523434,-0.08792061390123206,0.0
757,859,-0.8789243016508446,15.257234443560055,0.0
492,860,0.0,1.3647285359201766,0.0
428,861,0.0,0.27652281427822395,0.0
1053,862,0.7345238231574704,3.481170052281024,0.0
931,863,2.9463641283757145,5.013276777209038,0.0
1507,864,-1.6002350601191715,-0.5773463980165034,0.0
891,865,5.372232110208852,34.54166099450716,0.0
612,866,0.00527494224997217,9.521567021422902,0.0
878,867,0.0,4.823674781834933,0.0
989,868,15.166566089085537,3.3553192148580973,1.0
917,869,0.0,1.7802567436373595,0.0
524,870,0.0014165447927963573,4.4736703713033785,0.0
659,871,0.0,1.6861684224783593,0.0
336,872,5.051783317175082,2.451463563839037,1.0
139,873,10.499037956446013,13.997313696724882,0.0
617,874,-9.664592761385569,1.676103346205064,0.0
146,875,2.104726029733427,2.0257476770654943,1.0
158,876,-1.6569516707143621,7.391864496724445,0.0
718,877,0.0,1.5326261094066709,0.0
1499,878,-0.00762723197937983,1.0985696836922285,0.0
896,879,39.82229993690821,44.73773368317872,0.0
387,880,0.90998465705465,2.216043901658201,0.0
1036,881,-0.4799178166683489,1.2576287922574287,0.0
571,882,-0.23321843256874786,3.0639804098650676,0.0
1111,883,-0.07837458328563293,0.8838096461979925,0.0
33,884,24.28317337331735,287.3777735295742,0.0
496,885,0.14397815012759554,0.30198943003997364,0.0
747,886,7.317963209801942,0.134978653324629,1.0
46,887,0.023306608332850413,8.516589581053724,0.0
133,888,-1.2378201859292863,8.087057798909537,0.0
342,889,0.08001320834479797,1.8009322389044735,0.0
7,890,-0.0008067977819072348,1.451148017816345,0.0
6,891,-0.5911619819506119,7.417784035702691,0.0
1456,892,0.0,5.208452300751437,0.0
1407,893,0.0,0.5939570965136214,0.0
267,894,-1.1919525849473145,4.225065899271735,0.0
212,895,7.465012334352511,3.2012405651998743,1.0
52,896,53.313517626242785,25.089242874783107,1.0
302,897,-0.3585504830035161,-0.0013358186838786004,0.0
967,898,-6.977666370291529,3.0272802717777814,0.0
116,899,0.057065836586713714,8.232321437312233,0.0
635,900,0.7141900432255731,0.19755862403086893,1.0
332,901,10.689318645881055,0.6196584969702943,1.0
559,902,1.1086030379213072,0.43658468844887033,1.0
59,903,1.0949111929324604,5.419218673313566,0.0
432,904,-12.777604311147844,29.418854926176373,0.0
1298,905,0.0,1.440417858763376,0.0
90,906,1.5725644485911363,0.037860955174171665,1.0
31,907,19.875463304343338,92.45127640246578,0.0
88,908,0.0,5.709293967742575,0.0
1317,909,-0.01705892464703487,11.841280470417162,0.0
1203,910,-8.217378137507874,0.013913111507682943,0.0
1082,911,3.1893633975158635,5.374320387281596,0.0
1415,912,0.0,0.11504200798276049,0.0
1475,913,-0.02680128780607588,-4.885851137667563,1.0
1142,914,-0.17503109549202428,4.1102357100674345,0.0
897,915,-0.02413642350827016,0.8909181169811882,0.0
780,916,-0.18173143663874441,6.928229323985898,0.0
509,917,46.87134947768114,4.408040267773903,1.0
102,918,20.751005240829546,-0.07239939199779936,1.0
957,919,0.0,6.188261413935458,0.0
39,920,-0.2266649557233248,6.195063467987581,0.0
621,921,-13.884931607799988,1.9453215185064934,0.0
773,922,0.0,0.11047359302482376,0.0
1345,923,-0.4947976303979567,-0.1569807433133438,0.0
207,924,-0.3358350198793957,18.5999176116052,0.0
753,925,0.30422246933517033,2.381740075630986,0.0
884,926,38.38570596352662,83.00099763718765,0.0
881,927,1.2150684427823002,4.316407315023045,0.0
1065,928,0.7491326606216865,4.27380984448182,0.0
1369,929,-0.02883085188041116,9.759803002479806,0.0
36,930,0.0,0.0566566377122964,0.0
669,931,7.194126232412816,1.160764527674785,1.0
1005,932,-0.6325515887832898,6.625670900621725,0.0
22,933,5.635528060930628,7.0986375168935725,0.0
1136,934,-0.10429851229966527,1.5701761614893812,0.0
335,935,0.0,-0.29513262344894753,1.0
1260,936,-0.5754366705442209,0.20881389512003204,0.0
865,937,0.0,2.7608575215690228,0.0
981,938,0.2207165401775146,0.5987061807421792,0.0
914,939,3.7188274297633463,1.2006016990350683,1.0
76,940,2.0505761659626276,7.628776544459464,0.0
371,941,0.3387054810010255,1.3105369826026638,0.0
1076,942,-0.21292766490373968,0.8911701015920206,0.0
889,943,0.16061501315012564,16.299058272739483,0.0
1361,944,0.0,1.444248244190027,0.0
1138,945,0.9470051018586808,7.027725812447355,0.0
720,946,-1.1657113274920912,5.019646606225294,0.0
503,947,1.5528941465489345,15.43684697032584,0.0
777,948,-0.16221717968078164,3.1994732817971627,0.0
73,949,2.872823476829037,3.19032619506697,0.0
1411,950,-0.951252641328988,-5.208692086332263,1.0
827,951,1.4691440050115219,3.0761604912485425,0.0
895,952,0.2565687008113139,1.6369004862195884,0.0
1306,953,-1.787528746779814,0.5857134720704361,0.0
72,954,0.6673315133928139,7.706748677512058,0.0
199,955,-0.5073960982880252,4.525951309981871,0.0
502,956,1.8296681105095656,1.901068996918327,0.0
108,957,1.9044102454218828,6.7849144383362106,0.0
1509,958,12.187718177298455,4.2361662952087755,1.0
892,959,-0.055918375610461965,1.9453680983876827,0.0
1270,960,0.2996139730442361,1.5906567397107179,0.0
446,961,6.635650846885222,2.2749235529217833,1.0
886,962,0.0,0.10992671191100223,0.0
1447,963,-37.36978677522925,-0.11203732141792434,0.0
554,964,13.188482449166944,9.286388728670405,1.0
1167,965,1.4233471099599644,0.018786523590791665,1.0
765,966,0.7747108123577804,10.132829743711422,0.0
589,967,-0.06618375909353437,2.0892343723906577,0.0
732,968,1.9059950969095056,3.469449191069589,0.0
903,969,50.22209261953578,101.22087719173517,0.0
439,970,4.0452774948417165,2.5351503845999552,1.0
843,971,6.985430662631346,0.78405202646933,1.0
584,972,-0.026927714117494318,1.6144654415180026,0.0
1149,973,9.416866194459537,9.01134187011139,1.0
514,974,0.9576729309925858,3.237154601135476,0.0
1423,975,10.978916837384377,30.098591495154434,0.0
788,976,5.8052079235564875,38.63919686737552,0.0
1478,977,1.0182361711645338,0.11924293539229379,1.0
902,978,0.10385389781307594,0.7620345716470138,0.0
837,979,-4.688998156777291,4.737978362301622,0.0
1153,980,2.242374124744839,32.112631477363315,0.0
1419,981,-0.6151333228240325,2.1032000963358053,0.0
483,982,0.0,1.3073599962880675,0.0
91,983,2.3958265258847087,4.307581174144038,0.0
337,984,0.0,0.21487723692431002,0.0
149,985,0.0,8.542635817008543,0.0
81,986,56.88248758057438,250.72070518176696,0.0
130,987,26.60371114425119,2.4685992578698484,1.0
164,988,-2.0734115341471373,0.806466860938393,0.0
142,989,6.314220385948396,14.62146170657867,0.0
1243,990,0.7515119665069085,3.817744781492893,0.0
1247,991,4.334569699883362,-2.5423446374781586,1.0
1352,992,0.0,3.184152275028221,0.0
1358,993,-6.8488975908980745,-1.3140485509452997,0.0
560,994,0.0,6.053727366266059,0.0
1131,995,-0.03721014722929146,5.625747010259223,0.0
341,996,0.09397455260409444,1.6620955461669034,0.0
1355,997,0.0,1.4418068898693654,0.0
498,998,0.12490339185931418,6.07934499788838,0.0
885,999,2.140371584705427,12.200778726095631,0.0
1015,1000,-0.0393052103150473,-1.535408837580811,1.0
1408,1001,0.0,-10.063202334583048,1.0
1271,1002,0.0,10.33134726909413,0.0
1080,1003,1.4426013297074516,4.379736508520858,0.0
103,1004,5.782867182336932,2.405709623763017,1.0
581,1005,0.6625120797185996,2.5009437275627717,0.0
390,1006,-3.4385713948876555,0.019662405563249375,0.0
395,1007,0.0,11.073737375168976,0.0
161,1008,-3.5698562737675843,-0.4717308353665458,0.0
235,1009,-9.69016826160486,5.959176662258318,0.0
1218,1010,140.79199976835721,49.55999325567893,1.0
737,1011,1.7558515307074765,1.7812420421152548,0.0
610,1012,0.01760987556842795,0.26023117837780013,0.0
476,1013,-0.006552444985688818,1.716342608185347,0.0
679,1014,1.39724226091552,-1.4618929638182976,1.0
151,1015,-2.3963063473489497,17.78795042762938,0.0
762,1016,-0.929053593981234,2.761439597964598,0.0
999,1017,-1.5404405731862227,0.7353468738202714,0.0
127,1018,10.5755675395757,5.901862304671647,1.0
251,1019,9.038743862183875,5.655153009211034,1.0
1164,1020,0.11562847173379827,-1.8485453035954347,1.0
784,1021,0.8716948370707887,3.249675315406661,0.0
985,1022,0.1732573890788302,1.2717735996934392,0.0
223,1023,0.0,0.8318108550133343,0.0
122,1024,-0.14732033476770226,11.684245398056335,0.0
401,1025,5.651813441255247,4.569622668868201,1.0
971,1026,-5.912348517306639,1.0705166138466604,0.0
956,1027,0.97070691024998,3.015651216169559,0.0
1437,1028,5.248808301091313,2.292624707746135,1.0
63,1029,3.997855306965021,0.2772181014806958,1.0
74,1030,0.0,2.286359079166723,0.0
1379,1031,-1.4685251174572864,45.048977214013775,0.0
1391,1032,-4.744405408535091,9.859660592414413,0.0
1428,1033,0.15389437940632825,4.131671505492687,0.0
1326,1034,0.3156720584381993,0.2818152280733648,1.0
1098,1035,0.7223052376269583,1.017031987342489,0.0
618,1036,-0.010658278128762943,5.889324244740054,0.0
205,1037,0.0,5.844659516931497,0.0
262,1038,3.512624960496716,45.46275400478188,0.0
265,1039,0.0,-0.10600036633028855,1.0
23,1040,2.6357731715905963,20.350242203638743,0.0
405,1041,0.0,3.163911809464222,0.0
702,1042,1.7393925983001641,0.7697541184227774,1.0
319,1043,0.9244166640425646,1.7380024245951093,0.0
306,1044,3.5997241361877306,0.8986247142185978,1.0
1294,1045,6.197498292676381,130.09972897148813,0.0
689,1046,0.0,1.920701802282502,0.0
70,1047,0.0,0.9314207543736807,0.0
938,1048,1.925933857417407,5.836251856293551,0.0
541,1049,7.4466697214727935,-1.2902175339996966,1.0
148,1050,-0.3988766061562691,3.369912515844896,0.0
1094,1051,-3.2694904648046785,10.177732292224789,0.0
1042,1052,0.04009281168990572,5.339128971765855,0.0
660,1053,-0.8918959760904962,2.5068948487229132,0.0
1469,1054,-0.03729317789924976,4.072426433759993,0.0
32,1055,-2.704422681691647,63.93987111979534,0.0
17,1056,0.988663431856156,20.25058768782315,0.0
80,1057,-0.14880655213767846,0.7238024141748769,0.0
66,1058,-0.5618975694024017,3.2105556677642895,0.0
1225,1059,1.2239281253478438,59.13891638731404,0.0
657,1060,0.11339316968791302,1.2598559994338407,0.0
29,1061,24.96519616415679,292.96175922786784,0.0
1047,1062,1.2487154576668202,5.902398117242497,0.0
512,1063,0.0,1.051700131955093,0.0
1396,1064,-2.768169248106404,8.20263066843982,0.0
1265,1065,28.523605963679895,11.70820603134192,1.0
662,1066,-0.19351241860269647,0.3234421168386973,0.0
666,1067,0.6383936656236534,4.652023367062508,0.0
655,1068,-4.3868340242591515,0.14178240365533898,0.0
647,1069,-0.4577968174335151,0.17577776419058735,0.0
263,1070,-6.57199188191248,41.90752257701432,0.0
1275,1071,2.875750112834337,1.8973598672476317,1.0
1283,1072,-0.5766897750483574,45.83129498292631,0.0
497,1073,-0.04485583977423207,11.170218757516194,0.0
1071,1074,-2.747907691714564,4.912886333454372,0.0
643,1075,0.0,2.2733115799837904,0.0
232,1076,-0.018476782483633342,2.142643696391217,0.0
51,1077,52.411987438346834,38.88785492195239,1.0
1359,1078,-8.862004078525851,0.5861203798334504,0.0
772,1079,5.854050698854603,3.311037593675586,1.0
421,1080,1.0194127919258678,2.601090190734029,0.0
61,1081,0.13975649671259813,0.6033296229701388,0.0
1132,1082,1.8947187640623764,0.7015906116116782,1.0
1130,1083,-4.7133574195612935,-0.05365898222066851,0.0
636,1084,0.5071764498968928,17.784941261609365,0.0
246,1085,0.4983690637565973,4.375837291251574,0.0
949,1086,0.0,1.2154583123662777,0.0
1267,1087,0.0,4.471633325476436,0.0
323,1088,0.0,2.6070535390377345,0.0
959,1089,-0.06031068536645622,0.8039589793216184,0.0
226,1090,-3.340428718367357,6.534142690443816,0.0
316,1091,-0.4173408046587829,2.9649497298930263,0.0
426,1092,-0.015670585430994262,1.5391079756714163,0.0
423,1093,0.03442381585737527,0.30409644098644445,0.0
858,1094,0.08762659027126085,1.940556193790597,0.0
969,1095,-18.903062234097003,2.1933819139109376,0.0
1328,1096,0.15017532490022786,2.2661746583007307,0.0
455,1097,9.24968498195879,36.82645617726312,0.0
847,1098,21.799308999051636,53.166609124842886,0.0
590,1099,0.15311553736446065,1.0069293768278196,0.0
309,1100,-0.005341820195690145,1.0789917308514352,0.0
266,1101,2.944965418414342,12.77189767843849,0.0
379,1102,0.003388326886702121,-1.4794081335389397,1.0
56,1103,0.2261751475720988,4.890931467843065,0.0
392,1104,-15.126099757351177,1.0195099209164775,0.0
373,1105,0.0,0.6065281309899483,0.0
997,1106,9.528310668818822,5.900631784755889,1.0
310,1107,0.0,3.200660706414192,0.0
1175,1108,-2.3274248057852343,2.4144140249894823,0.0
723,1109,-0.07738372949565563,4.1752743509645365,0.0
1194,1110,10.48178557547741,15.888602501139683,0.0
182,1111,2.437822224217573,1.1998565008297648,1.0
242,1112,5.655917418859617,6.503276368457788,0.0
740,1113,13.813858757872401,2.3931356699422848,1.0
792,1114,0.0,-2.149656699773733,1.0
1151,1115,-4.6061715465490645,2.249681078186156,0.0
114,1116,-5.781802678157049,3.821070472208313,0.0
145,1117,0.6224721952265935,4.235109765270711,0.0
135,1118,2.5274892237928843,3.9864617460926777,0.0
413,1119,0.0,0.6195704979268504,0.0
85,1120,-1.1922648456066691,1.9484951244788116,0.0
1293,1121,-0.5784222111889237,7.3741951168978614,0.0
206,1122,-2.3762777142452416,4.615886262434791,0.0
932,1123,-7.083674263550911,0.42967444403514454,0.0
707,1124,0.0,1.9250199839002362,0.0
1200,1125,9.563936295488546,55.82822057894292,0.0
927,1126,-0.08006460019758625,3.979555663360633,0.0
651,1127,0.0014083869128685804,3.4458047195797117,0.0
645,1128,-0.6903525897959689,-2.5216244278579394,1.0
1261,1129,2.850885051165439,18.679919886585598,0.0
1256,1130,-0.022235575415997792,4.724347833289054,0.0
248,1131,0.00018386809793441831,0.8110259316828868,0.0
256,1132,0.0,2.6645199708830916,0.0
974,1133,-0.8224489902280951,5.307123273012461,0.0
1108,1134,50.07699492574359,16.284865950578755,1.0
1295,1135,-0.021307704183819887,12.374935338413223,0.0
480,1136,0.0,0.10161259154250185,0.0
704,1137,-2.698022507301679,10.427815482726814,0.0
950,1138,0.0,1.0444966400888298,0.0
1390,1139,0.0,1.5063643519341259,0.0
465,1140,1.135181499421087,1.4241503975915413,0.0
805,1141,0.8494103152168212,0.4098864104576659,1.0
1000,1142,1.4547930425687956,0.8861783858137442,1.0
349,1143,0.0,2.0355832605353505,0.0
1007,1144,45.26114613833943,28.453932116338898,1.0
289,1145,1.0702178623740566,16.413719243294317,0.0
1251,1146,-0.9771606424565636,54.08594492611102,0.0
724,1147,7.9872815198642,2.881960990009745,1.0
1068,1148,0.0031824861050763547,1.3533958670360948,0.0
1166,1149,0.09685743794842708,0.11743827745441149,0.0
331,1150,1.1631419747471416,4.1690289380005785,0.0
215,1151,1.8514356220587775,5.857526315926453,0.0
351,1152,0.1320287287243447,4.514562300932104,0.0
177,1153,7.711819569838361,0.9257363522203371,1.0
233,1154,3.1295809764291764,2.0509188078676677,1.0
733,1155,0.02360843243649701,5.593970161991781,0.0
786,1156,0.480356886607153,8.461278040799,0.0
836,1157,78.96198044085729,94.23262215417917,0.0
1088,1158,-0.14452653359117526,1.3838464318929724,0.0
1207,1159,-0.9877515021557218,3.0328138184220665,0.0
1373,1160,0.0,1.8860912988470013,0.0
1418,1161,-1.7363050947657936,2.0230341254947097,0.0
490,1162,0.0,0.18075773950644689,0.0
21,1163,-15.983538080309739,8.287587245611778,0.0
593,1164,7.577004413917903,0.86771733674069,1.0
906,1165,0.05404908836834478,4.879280855804337,0.0
1038,1166,8.403858872518066,0.18249728148714445,1.0
444,1167,26.178603180157236,1.3097403966612997,1.0
461,1168,0.7227568124471105,4.4917570676831895,0.0
601,1169,0.0,1.079300083423043,0.0
742,1170,7.7865044462182595,0.7905428685724163,1.0
800,1171,8.292337424953722,2.0648383233460934,1.0
1332,1172,-0.1877586775888882,0.22519390833894667,0.0
1378,1173,0.022810503960566195,0.6626442536221677,0.0
1385,1174,19.01237381244742,0.19292440405108074,1.0
1427,1175,2.439785929482948,13.5565509361425,0.0
1435,1176,0.2213126968922833,0.546386015862872,0.0
1487,1177,0.7447910452358153,3.8457443567001532,0.0
1490,1178,-0.12413457891494853,9.327805911317062,0.0
34,1179,9.719352782397902,52.486637665915005,0.0
1002,1180,-0.16341299372405632,4.656674304656467,0.0
113,1181,3.260620007281024,5.995245827651353,0.0
1210,1182,0.0,6.740296569273534,0.0
1305,1183,1.0059997958705234,7.708189499961407,0.0
1325,1184,0.9318687411926382,3.6307258729981537,0.0
1375,1185,0.0,7.308871653764101,0.0
510,1186,-1.07263819854656,13.27444088702266,0.0
107,1187,0.0,4.788112760889615,0.0
167,1188,0.0,3.8740211870770396,0.0
1107,1189,0.3887984511501603,1.1720605443930225,0.0
464,1190,1.5954837864090592,1.4049795451833695,1.0
1388,1191,0.0,2.443475417476921,0.0
829,1192,1.941085783745091,0.34054847308055514,1.0
275,1193,-0.9747327962674955,4.7314810639723,0.0
441,1194,0.0,-0.04643753102066431,1.0
471,1195,0.0019634152916768433,0.6690413697008428,0.0
194,1196,0.0,2.8968283664329015,0.0
67,1197,3.1963015063531843,20.895122829995017,0.0
508,1198,0.07672668963581153,1.3601195498261138,0.0
360,1199,-3.8025678929495856,2.6541256655282557,0.0
86,1200,0.01673931206543602,0.11872312283599741,0.0
314,1201,-0.009070052273322656,0.5480868855192903,0.0
463,1202,-0.050510176134514896,1.2287427493102916,0.0
1269,1203,4.723220118933157,0.7082170012364929,1.0
344,1204,2.9630032190275224,1.997551266207616,1.0
1301,1205,0.7503611305591029,2.3810944071454228,0.0
1180,1206,-0.2426940586210999,-0.023473314853244595,0.0
308,1207,4.340199005728005,35.67302692352481,0.0
1462,1208,1.1228932461175178,0.7078332614536265,1.0
1029,1209,0.759740929897445,8.902620393180204,0.0
1171,1210,0.001015533261650317,1.1205090493138754,0.0
1443,1211,-1.5940083390202149,0.15927285370656782,0.0
429,1212,0.0,-0.4390785200279205,1.0
159,1213,-1.7785366632043953,6.735844280248604,0.0
1380,1214,0.43705973673790616,0.3333282018273965,1.0
1368,1215,3.276057312355124,1.648089018443799,1.0
1019,1216,29.904877691484536,71.95020487777867,0.0
187,1217,0.0,5.237663612773943,0.0
96,1218,0.3948174112876358,0.2935435377164409,1.0
993,1219,-0.08932942590915227,7.414269583254738,0.0
214,1220,0.0006822527196509214,2.803257490678662,0.0
979,1221,-0.7465241713240158,3.1292688841743344,0.0
1276,1222,-0.015321254539422643,1.4699946056618793,0.0
1236,1223,-1.2148954533381973,0.5868607079227222,0.0
1272,1224,0.0,8.318213361972681,0.0
118,1225,0.0003739084193262701,5.8266526437696005,0.0
0,1226,5.528720059509989,34.93158428678197,0.0
1110,1227,0.0887788571778057,-0.0016542466490260801,1.0
1027,1228,0.5712150166716633,14.365791732477307,0.0
683,1229,0.16473068164939564,10.475733670136245,0.0
1284,1230,18.306043039285694,3.335887055972776,1.0
941,1231,-1.865485817387576,-0.5047433088967512,0.0
375,1232,0.0003443900279750298,1.1268687593227482,0.0
361,1233,0.0,10.5338627545306,0.0
661,1234,0.5795171224692333,8.107501173633114,0.0
948,1235,2.0913135877972846,2.4120931158388754,0.0
954,1236,-0.2026653210472359,0.3750276882135007,0.0
166,1237,-0.9811366446754192,6.71589597120998,0.0
1106,1238,0.0,3.5888549512047994,0.0
1492,1239,5.784227381970778,26.16113071851143,0.0
535,1240,0.09036779205197852,6.4485629645949105,0.0
579,1241,0.5895470632445478,0.7258230553024457,0.0
1173,1242,0.1022678998943758,3.3419926732259393,0.0
1494,1243,1.5412276656620938,0.590439534950003,1.0
186,1244,0.0,0.220498978100618,0.0
171,1245,0.08596643004602378,11.761144851707252,0.0
1417,1246,0.0,3.4761884574625315,0.0
1450,1247,0.0021942989108043377,7.7353515419254775,0.0
20,1248,0.0,10.933853113473862,0.0
1237,1249,2.7604433564208715,1.9670227899315318,1.0
1199,1250,0.0,8.768390648055378,0.0
406,1251,0.3375385374685994,2.4484516191735364,0.0
324,1252,5.46848443583017,0.19462980478640715,1.0
988,1253,0.0,4.60762928239093,0.0
887,1254,79.19425313224049,87.15352630780252,0.0
1024,1255,19.871424196973376,20.498453123405827,0.0
775,1256,1.7038173117886126,21.353262166067715,0.0
69,1257,-1.9588115487576527,5.656897185460458,0.0
1134,1258,0.0,8.90134745366958,0.0
53,1259,3.4375203022731,33.845503047414695,0.0
62,1260,26.129237928117337,206.56552089721774,0.0
703,1261,30.97859321505878,37.19646447456484,0.0
1192,1262,-6.224633117223716,0.43975477004318037,0.0
1188,1263,-6.169586434014631,37.32668349021686,0.0
338,1264,2.2564653268679677,4.716869898991027,0.0
481,1265,0.35930426248601205,0.10753939103809135,1.0
767,1266,0.6118704351567429,6.8735829608118575,0.0
1239,1267,0.3207618452274043,3.717471136098548,0.0
770,1268,0.0,2.371325837001313,0.0
774,1269,0.0,1.4335553932951812,0.0
1099,1270,9.613812700262674,14.161790352466594,0.0
962,1271,0.0,1.195532463318428,0.0
916,1272,-0.11426326954962428,0.7482095532395174,0.0
749,1273,0.14197950724822184,-0.021944440100078958,1.0
1103,1274,91.17686984326518,151.7011491971552,0.0
531,1275,-0.12412445885178862,8.981227972210256,0.0
1432,1276,1.7917980573514931,8.050391819041874,0.0
358,1277,-3.893584293212671,8.435781398974472,0.0
144,1278,-0.5675394314439564,1.1632679727835429,0.0
965,1279,25.25589761022001,6.991027860457914,1.0
653,1280,-0.03252234700583656,-1.524090043998392,1.0
1412,1281,0.0,3.0568912956304137,0.0
45,1282,1.3874776423372064,2.568850017705987,0.0
506,1283,8.394747601213856,7.844472945512349,1.0
1347,1284,-1.0888871909843578,1.8423379817008851,0.0
743,1285,0.13428009356212353,0.18986293766285475,0.0
239,1286,-1.0527817504057453,1.3087731280655162,0.0
456,1287,6.796994853127678,3.8655398766555407,1.0
326,1288,-0.4004942978978703,25.94940296006276,0.0
1349,1289,1.7834847456267695,2.6154713918637302,0.0
1121,1290,-0.5333728297064515,17.615623284105613,0.0
195,1291,0.0,0.01895503247700511,0.0
408,1292,0.0,6.0500294285215555,0.0
477,1293,-0.07082483000229495,1.812879104006276,0.0
41,1294,-1.0774622471012116,13.486468860509804,0.0
1070,1295,-1.1729856610149878,2.0232998192439826,0.0
3,1296,16.883387933768926,16.076975330643617,1.0
812,1297,2.18214455352034,0.36685373042243863,1.0
320,1298,0.512076008041398,0.07539884811612825,1.0
862,1299,-0.41384047268422197,2.1672331841099948,0.0
284,1300,-0.2418450978817393,7.838902671664262,0.0
776,1301,-0.0911579715404216,0.05343781187207544,0.0
639,1302,47.428790260391466,344.7168206955579,0.0
1056,1303,-0.2746250404391178,3.8237973965138345,0.0
1185,1304,-9.26987965837687,2.253313497221492,0.0
276,1305,0.2103463346759677,7.300786532659762,0.0
1446,1306,-0.06404804671966331,5.121873277215605,0.0
670,1307,1.2830577586668337,0.315958408221905,1.0
1413,1308,0.0,-0.2869050458533751,1.0
298,1309,0.5010328398642704,0.8153548992453146,0.0
291,1310,-0.9336097428954316,0.9504436580423846,0.0
283,1311,14.259495387951546,1.5674906241890545,1.0
673,1312,100.36547197148217,44.1022555463471,1.0
684,1313,-1.6783002837462768,9.507338953265691,0.0
260,1314,1.7218940988030982,2.7032880283117917,0.0
1474,1315,5.116346586455711,-14.928375865109912,1.0
495,1316,0.0,3.813960705278532,0.0
1444,1317,0.21315316988789576,0.4224141437229239,0.0
1170,1318,0.0,3.794364115521539,0.0
1069,1319,2.729780948981927,8.901576798545946,0.0
928,1320,0.4048705455565612,0.6392254953548284,0.0
1235,1321,0.6809510784902055,0.4967548369006522,1.0
614,1322,7.232081120145999,4.634785921276493,1.0
99,1323,0.35327815839004323,1.563388946270735,0.0
1416,1324,0.771126206742343,0.6216210470623335,1.0
582,1325,1.1199341866813748,4.198502564112131,0.0
1033,1326,0.0,-0.045118661257207364,1.0
346,1327,0.0006126294694561059,1.3624097714462229,0.0
1340,1328,-0.3516068911830164,2.0050595209760367,0.0
543,1329,2.7370843448550137,1.3873666494384809,1.0
867,1330,0.0712556900672765,0.3067091204788689,0.0
333,1331,5.883114054453992,-2.3384616893858015,1.0
407,1332,0.0,1.549015477511566,0.0
642,1333,4.637741485872296,-0.048435789871274455,1.0
1366,1334,-2.2725266019572574,9.688696197046621,0.0
1314,1335,-3.3086824955147125,13.00118764537432,0.0
1510,1336,0.0,2.2289127718597403,0.0
259,1337,0.010392288391140037,6.09798700880564,0.0
170,1338,0.0,6.372242487068391,0.0
290,1339,-0.4810608648648005,3.67907300085413,0.0
572,1340,5.537797831837919,5.2507236663598995,1.0
1227,1341,-0.0012824648463216144,9.041602667626956,0.0
537,1342,-0.7633609077398449,1.3592595205820845,0.0
977,1343,0.1068787774759367,4.833322529325532,0.0
1274,1344,0.0,0.9124068995365976,0.0
676,1345,9.711827265547882,7.691250132041981,1.0
105,1346,-0.3273253557787668,2.130346325739845,0.0
115,1347,1.2555639949916568,4.389802714073058,0.0
431,1348,-0.03881909919727383,0.08889309262089184,0.0
901,1349,-2.0426088371673172,1.8414735950678043,0.0
1202,1350,0.0,2.4358566078102974,0.0
1372,1351,47.253227742919044,7.83657559928069,1.0
1114,1352,9.422204245038936,1.3220472057748234,1.0
356,1353,-6.212242380350109,2.1410096742464484,0.0
484,1354,0.00431736437649857,0.1052619016740123,0.0
1124,1355,1.4917348471025715,8.375975768778037,0.0
680,1356,-4.688232610072629,14.83810422051112,0.0
828,1357,42.339115624054976,51.20859781898314,0.0
178,1358,0.0,2.8607721540004794,0.0
634,1359,0.17751153091240912,-0.38950330611836725,1.0
117,1360,-0.9671171409912712,4.417204231561386,0.0
125,1361,-8.876773435005243,1.0842572704050266,0.0
200,1362,0.0,5.098171882346565,0.0
442,1364,-0.30856671778857664,3.5544492307521494,0.0
516,1365,-0.4108688933669311,2.002482627996063,0.0
585,1366,-2.8954205984558583,10.545919748994091,0.0
735,1367,10.318394156628326,1.5435217434301005,1.0
1205,1368,-1.86675317827522,3.8827312555284044,0.0
507,1369,0.0,0.6504096576354649,0.0
1322,1370,-1.3198534624598477,-0.2117628219444243,0.0
1374,1371,10.096619155464342,7.744107797827176,1.0
1420,1372,-0.033079135114607874,1.0111171331812987,0.0
1480,1373,1.3735443236433271,8.986451161256374,0.0
871,1374,2.410005369843852,10.761688996832737,0.0
37,1375,-2.62012371585751,12.26819800949008,0.0
489,1376,0.02929446303105842,-0.04016621343963204,1.0
272,1377,0.061406085035914375,1.9708120665605569,0.0
1399,1378,-0.35498170352555125,22.80074468831346,0.0
709,1379,-0.5180332755496178,2.416011026318516,0.0
1013,1380,-0.029787186437393743,0.21121080379648455,0.0
252,1381,0.0,4.634360055658224,0.0
1442,1382,-9.132226750477823,55.69289390140414,0.0
564,1383,0.005904398681757686,2.220871911474854,0.0
438,1384,-0.8539020558622525,2.5572445718205796,0.0
1137,1385,-0.001484551322774408,-0.014468026504614847,1.0
414,1386,0.006460594138060464,-0.40275959994593497,1.0
942,1387,0.7882290516860625,5.174203937966075,0.0
629,1388,-0.17838827671962665,0.40988414496562253,0.0
1055,1389,0.0,-2.7574066321910418,1.0
1093,1390,-0.8238377336983881,2.2196225305028934,0.0
966,1391,6.851947946865471,4.298762202645925,1.0
134,1392,14.812239317189956,3.895140836599323,1.0
1311,1393,0.20431658859513357,5.394259720141442,0.0
1362,1394,-0.9490313619022857,0.8843286006115673,0.0
1246,1395,24.252374655541626,2.127748169185817,1.0
279,1396,-0.03432743383382867,17.100525650511436,0.0
83,1397,0.2386332044205285,40.19170509744842,0.0
692,1398,10.801695477621495,11.043207745872454,0.0
1201,1399,-0.747030523320157,1.6691478343021287,0.0
255,1400,12.096159808426378,1.4907452352098556,1.0
944,1401,0.0,0.9444038012351816,0.0
98,1402,-0.09769668282951442,7.020960367816916,0.0
478,1403,-3.843610096552689,4.026175030904954,0.0
18,1404,0.6221458273464336,35.890920969166,0.0
811,1405,2.9098731363422665,1.3719793027287024,1.0
616,1406,2.048327855987917,-1.4648329414485937,1.0
984,1407,-15.926615280287281,65.10956710292523,0.0
1364,1408,1.5173931533537997,0.18024222039917934,1.0
370,1409,0.059853423408894615,1.6798093465989505,0.0
155,1410,0.7364569358061438,2.0940522316264287,0.0
1439,1411,19.16572588131537,17.344588574639552,1.0
921,1412,4.7014960670854355,4.928838344406011,0.0
173,1413,-0.9046132344077824,2.0886654592527827,0.0
82,1414,-0.002194179706013751,0.3665635212284233,0.0
730,1415,-0.3754301239872809,2.3419384997625956,0.0
883,1416,4.206930906579542,2.5879584858925666,1.0
1021,1417,0.0402524843173368,10.196541288675537,0.0
1405,1418,4.349867704573305,0.13901943441518128,1.0
1470,1419,-0.4157377029763548,4.647365911426902,0.0
280,1420,-5.225500938559142,0.08243608431396345,0.0
899,1421,34.42022877794268,37.87976727607296,0.0
939,1422,0.9909543757448788,12.419641677375447,0.0
5,1423,6.176284648310204,9.918983999136,0.0
803,1424,0.7620568600360856,4.694089824785672,0.0
951,1425,-3.1225661281804515,0.22480609609488553,0.0
430,1426,-5.273610940621851,7.332288603290717,0.0
1232,1427,0.0,4.648428871898395,0.0
873,1428,27.351434763090527,66.81650811028604,0.0
249,1429,-5.016728214298551,5.791765465458084,0.0
824,1430,0.06440526349313415,0.5120306641677207,0.0
380,1431,0.0,0.4700197362802864,0.0
953,1432,0.4800908124239828,2.55283691047649,0.0
1501,1433,-0.008766706287272864,-5.547386062660504,1.0
1006,1434,-11.541113649394832,63.36838721698257,0.0
1255,1435,0.0,6.260430587187132,0.0
820,1436,-2.4043823426471818,1.1935929845130295,0.0
75,1437,-0.09919078766710476,5.584502136695543,0.0
64,1438,2.636618077622944,2.873971417168323,0.0
473,1439,1.0035829605314863,0.0916917764848733,1.0
330,1440,-2.490544999273581,0.4201290364059533,0.0
25,1441,0.5828741294193052,9.029224229130058,0.0
79,1442,0.07736639946778326,1.1425673277897557,0.0
785,1443,0.005663697956760126,5.375388135017944,0.0
1441,1444,3.5067975131014575,9.834442032627754,0.0
1229,1445,-0.0355413494539808,1.2401911317528775,0.0
574,1446,-2.541046903310429,13.237350161375895,0.0
398,1447,0.03966810996669661,3.130176795019337,0.0
488,1448,17.611063052310868,0.6680966799023964,1.0
396,1449,-0.0011477750772143464,2.2330035484442137,0.0
879,1450,1.3224448288950004,-0.011478646970529877,1.0
556,1451,-0.862570202293955,3.024151239069442,0.0
1467,1452,0.4705092006184026,-0.08523557831561009,1.0
638,1453,-0.0004671099623679034,0.6298103872980693,0.0
93,1454,-0.11111511376244153,1.2195383568021556,0.0
622,1455,-6.148985967973843,3.797125317474408,0.0
998,1456,1.4583542928445148,2.4980947361111943,0.0
140,1457,-10.391425689083897,27.359243689250626,0.0
427,1458,0.0,7.9206767660964825,0.0
297,1459,11.880871876483265,21.43018344193344,0.0
1285,1460,5.093420215379247,5.298754806975977,0.0
818,1461,0.0,2.726014157067457,0.0
11,1462,11.073483150818038,33.086779709835085,0.0
38,1463,-5.860758218162949,25.223194015105374,0.0
1471,1464,-0.4123841342326956,0.058422905343513964,0.0
126,1465,70.0117069099047,0.5367169211297985,1.0
160,1466,0.5733948625486087,-0.17012896398639923,1.0
147,1467,44.94054461590595,62.34212502605934,0.0
1367,1468,1.3020830888938435,1.9237364901191407,0.0
434,1469,-0.07367478646008438,0.023087155484823377,0.0
861,1470,0.0,1.2383255023044595,0.0
227,1471,0.0,0.299897808835246,0.0
1497,1472,0.0,-3.7231498676697226,1.0
317,1473,-0.3209503624157946,0.8341414145561243,0.0
466,1474,0.014571327943283903,2.018349534573051,0.0
890,1475,69.35672682730872,234.2327992330491,0.0
1128,1476,0.0,1.700299719458542,0.0
132,1477,0.0,-0.3281870000434096,1.0
566,1478,-10.363314871266931,6.474169680299948,0.0
327,1479,0.0,0.025493213082871145,0.0
40,1480,0.8609637862063946,10.757681613015734,0.0
668,1481,34.03500929228599,13.50840750309595,1.0
1425,1482,0.3886412159698121,10.392713301690383,0.0
677,1483,1.2153171057623011,3.5281081615592838,0.0
978,1484,2.6779536037759715,-0.5572722955247711,1.0
389,1485,0.00424698381871205,-0.5383811304945538,1.0
368,1486,0.049327250728432616,-0.15041800443369321,1.0
844,1487,-1.4824861421427709,2.0199882191796723,0.0
1438,1488,-10.476880127363117,14.164160367488934,0.0
172,1489,0.15914192525897602,9.172135037662382,0.0
1003,1490,0.0,-0.0064162494925699,1.0
567,1491,-0.4462868541945753,1.200788480828997,0.0
245,1492,0.0,-0.12303438720158735,1.0
313,1493,-3.9125662707326585,-1.2746183461160967,0.0
1448,1494,-0.220552079468928,11.333388936871193,0.0
933,1495,-11.450959813554592,32.53213348313944,0.0
1263,1496,0.5290471047715043,3.244645016344957,0.0
282,1497,0.3743380095822972,0.45825933837269833,0.0
658,1498,-16.863859635949517,-0.2618011014760554,0.0
1001,1499,0.3685987778296652,0.7439083363074229,0.0
990,1500,0.0,4.981239965941395,0.0
1004,1501,15.968593533681586,10.851359968417839,1.0
1112,1502,108.5513400987723,67.03036412666624,1.0
809,1503,-0.4568005601862879,3.5443675634677763,0.0
383,1504,-2.265328657587744,-0.34541241933969125,0.0
188,1505,0.0,9.938264450125912,0.0
1234,1506,-0.8412417230645207,27.79493558474831,0.0
1048,1507,0.8554842781944949,8.208147636945947,0.0
943,1508,-0.10929706497361172,-0.7895185965969246,1.0
1341,1509,0.6173855634500148,0.08616331200687326,1.0
869,1510,1.3283387048248674,0.853208794048129,1.0
573,1511,-5.065300033387628,0.6175737459330785,0.0
1451,1512,0.0015987393404443455,7.124455472077972,0.0
1176,1513,-0.0003088415113712283,-2.436134715170942,1.0
545,1514,0.7627683257489095,26.14446517956992,0.0
